<?xml version="1.0" encoding="UTF-8"?>
<beans xmlns="http://www.springframework.org/schema/beans"
	xmlns:xsi="http://www.w3.org/2001/XMLSchema-instance"
	xmlns:context="http://www.springframework.org/schema/context"
	xsi:schemaLocation="http://www.springframework.org/schema/beans http://www.springframework.org/schema/beans/spring-beans.xsd
		http://www.springframework.org/schema/context http://www.springframework.org/schema/context/spring-context-4.3.xsd">
	
	<context:component-scan base-package="kr.human.email"/>
	
	<!-- 메일 정보 세팅 -->
	<bean id="mailSender" class="org.springframework.mail.javamail.JavaMailSenderImpl">
		<property name="host" value="smtp.naver.com"/>
		<property name="port" value="587"/>
		<property name="username" value="oss7140@naver.com"/>
		<property name="password" value="tjdtjr@4861"/>
		<property name="javaMailProperties">
			<props>
	            <prop key="mail.smtp.starttls.enable">true</prop>
	            <prop key="mail.smtp.auth">true</prop>
	            <prop key="mail.transport.protocol">smtp</prop>
	            <prop key="mail.debug">true</prop>
	            <prop key="mail.smtp.ssl.protocols">TLSv1.2</prop>
			</props>
		</property>
	</bean>
	
</beans>
